{
    "columns": {
        "V0": {
            "sdtype": "numerical",
            "computer_representation": "Int64"
        },
        "V1": {
            "sdtype": "numerical",
            "computer_representation": "Int64"
        },
        "V2": {
            "sdtype": "numerical",
            "computer_representation": "Int64"
        },
        "V3": {
            "sdtype": "numerical",
            "computer_representation": "Int64"
        },
        "V4": {
            "sdtype": "numerical",
            "computer_representation": "Int64"
        },
        "V5": {
            "sdtype": "numerical",
            "computer_representation": "Int64"
        },
        "V6": {
            "sdtype": "numerical",
            "computer_representation": "Int64"
        },
        "V7": {
            "sdtype": "numerical",
            "computer_representation": "Int64"
        },
        "V8": {
            "sdtype": "numerical",
            "computer_representation": "Int64"
        },
        "V9": {
            "sdtype": "numerical",
            "computer_representation": "Int64"
        },
        "V10": {
            "sdtype": "numerical",
            "computer_representation": "Int64"
        },
        "V11": {
            "sdtype": "numerical",
            "computer_representation": "Int64"
        },
        "V12": {
            "sdtype": "numerical",
            "computer_representation": "Int64"
        },
        "V13": {
            "sdtype": "numerical",
            "computer_representation": "Int64"
        },
        "V14": {
            "sdtype": "numerical",
            "computer_representation": "Int64"
        },
        "V15": {
            "sdtype": "numerical",
            "computer_representation": "Int64"
        },
        "V16": {
            "sdtype": "numerical",
            "computer_representation": "Int64"
        },
        "V17": {
            "sdtype": "numerical",
            "computer_representation": "Int64"
        },
        "V18": {
            "sdtype": "numerical",
            "computer_representation": "Int64"
        },
        "V19": {
            "sdtype": "numerical",
            "computer_representation": "Int64"
        },
        "V20": {
            "sdtype": "numerical",
            "computer_representation": "Int64"
        },
        "V21": {
            "sdtype": "numerical",
            "computer_representation": "Int64"
        },
        "V22": {
            "sdtype": "numerical",
            "computer_representation": "Int64"
        },
        "V23": {
            "sdtype": "numerical",
            "computer_representation": "Int64"
        },
        "V24": {
            "sdtype": "numerical",
            "computer_representation": "Int64"
        },
        "V25": {
            "sdtype": "numerical",
            "computer_representation": "Int64"
        },
        "V26": {
            "sdtype": "numerical",
            "computer_representation": "Int64"
        },
        "V27": {
            "sdtype": "numerical",
            "computer_representation": "Int64"
        },
        "Amount": {
            "sdtype": "numerical",
            "computer_representation": "Int64"
        },
        "label": {
            "sdtype": "categorical"
        }
    },
    "METADATA_SPEC_VERSION": "SINGLE_TABLE_V1"
}